Instrument Serial Num,Reading_No,Date,Time,Method Name,User Factor Name,Test Label,Collimation Status,Latitude,Longitude, Units,P Compound,P Compound Level,P Compound Error,P Concentration,P Error1s,S Compound,S Compound Level,S Compound Error,S Concentration,S Error1s,K Compound,K Compound Level,K Compound Error,K Concentration,K Error1s,Ca Compound,Ca Compound Level,Ca Compound Error,Ca Concentration,Ca Error1s,Ti Compound,Ti Compound Level,Ti Compound Error,Ti Concentration,Ti Error1s,V Compound,V Compound Level,V Compound Error,V Concentration,V Error1s,Cr Compound,Cr Compound Level,Cr Compound Error,Cr Concentration,Cr Error1s,Mn Compound,Mn Compound Level,Mn Compound Error,Mn Concentration,Mn Error1s,Fe Compound,Fe Compound Level,Fe Compound Error,Fe Concentration,Fe Error1s,Co Compound,Co Compound Level,Co Compound Error,Co Concentration,Co Error1s,Ni Compound,Ni Compound Level,Ni Compound Error,Ni Concentration,Ni Error1s,Cu Compound,Cu Compound Level,Cu Compound Error,Cu Concentration,Cu Error1s,Zn Compound,Zn Compound Level,Zn Compound Error,Zn Concentration,Zn Error1s,As Compound,As Compound Level,As Compound Error,As Concentration,As Error1s,Se Compound,Se Compound Level,Se Compound Error,Se Concentration,Se Error1s,Rb Compound,Rb Compound Level,Rb Compound Error,Rb Concentration,Rb Error1s,Sr Compound,Sr Compound Level,Sr Compound Error,Sr Concentration,Sr Error1s,Y Compound,Y Compound Level,Y Compound Error,Y Concentration,Y Error1s,Zr Compound,Zr Compound Level,Zr Compound Error,Zr Concentration,Zr Error1s,Nb Compound,Nb Compound Level,Nb Compound Error,Nb Concentration,Nb Error1s,Mo Compound,Mo Compound Level,Mo Compound Error,Mo Concentration,Mo Error1s,Ag Compound,Ag Compound Level,Ag Compound Error,Ag Concentration,Ag Error1s,Cd Compound,Cd Compound Level,Cd Compound Error,Cd Concentration,Cd Error1s,Sn Compound,Sn Compound Level,Sn Compound Error,Sn Concentration,Sn Error1s,Sb Compound,Sb Compound Level,Sb Compound Error,Sb Concentration,Sb Error1s,Ba Compound,Ba Compound Level,Ba Compound Error,Ba Concentration,Ba Error1s,La Compound,La Compound Level,La Compound Error,La Concentration,La Error1s,Ce Compound,Ce Compound Level,Ce Compound Error,Ce Concentration,Ce Error1s,Pr Compound,Pr Compound Level,Pr Compound Error,Pr Concentration,Pr Error1s,Nd Compound,Nd Compound Level,Nd Compound Error,Nd Concentration,Nd Error1s,Ta Compound,Ta Compound Level,Ta Compound Error,Ta Concentration,Ta Error1s,W Compound,W Compound Level,W Compound Error,W Concentration,W Error1s,Hg Compound,Hg Compound Level,Hg Compound Error,Hg Concentration,Hg Error1s,Pb Compound,Pb Compound Level,Pb Compound Error,Pb Concentration,Pb Error1s,Bi Compound,Bi Compound Level,Bi Compound Error,Bi Concentration,Bi Error1s,Th Compound,Th Compound Level,Th Compound Error,Th Concentration,Th Error1s,U Compound,U Compound Level,U Compound Error,U Concentration,U Error1s,,Real Time 1,Real Time 2,Real Time 3
803819,1,23/08/2019,9:48:31,,,1C,No,,,PPM,,,,,,,,,,,,,,,,,,,,,,,,,,,,,,,,,,,,,,,,,,,,,,,,,,,,,,,,,,,,,,,,,,,,,,,,,,,,,,,,,,,,,,,,,,,,,,,,,,,,,,,,,,,,,,,,,,,,,,,,,,,,,,,,,,,,,,,,,,,,,,,,,,,,,,,,,,,,,,,,,,,,,,,,,,,,,,,,,,,,,,,,,,,15,,
803819,2,23/08/2019,9:57:27,Soil,,2,No,,,PPM,,,,106,117,,,,-25,21,,,,19,9,,,,-5,3,,,,4,1,,,,1,0,,,,0,1,,,,4,1,,,,8,3,,,,2,2,,,,0,1,,,,1,1,,,,0,1,,,,0,0,,,,0,0,,,,0,0,,,,1,1,,,,0,1,,,,0,1,,,,-1,0,,,,-1,1,,,,-2,1,,,,-2,1,,,,-1,3,,,,-3,3,,,,-2,8,,,,-51,19,,,,22,38,,,,56,50,,,,7,110,,,,2,7,,,,-1,1,,,,0,1,,,,0,1,,,,-1,1,,,,-2,2,,,,1,2,1,30,30,30
803819,3,23/08/2019,10:00:21,Soil,,3,No,,,PPM,,,,1519,473,,,,1274,76,,,,26552,125,,,,24048,102,,,,2992,17,,,,88,2,,,,58,2,,,,681,5,,,,27677,102,,,,-86,17,,,,29,2,,,,130,3,,,,407,4,,,,119,5,,,,2,1,,,,122,1,,,,226,5,,,,30,3,,,,249,5,,,,17,1,,,,6,2,,,,4,2,,,,50,2,,,,2,4,,,,24,4,,,,514,13,,,,9,23,,,,143,48,,,,-260,63,,,,-163,137,,,,37,12,,,,9,3,,,,10,2,,,,1389,7,,,,2,2,,,,17,3,,,,0,3,2,30,30,30
803819,4,23/08/2019,10:08:27,Soil,,4,No,,,PPM,,,,795,159,,,,632,32,,,,22479,76,,,,2827,19,,,,41,1,,,,5,0,,,,11,1,,,,72,1,,,,221,5,,,,-17,2,,,,-5,1,,,,-2,1,,,,0,1,,,,-2,0,,,,-3,0,,,,12,0,,,,38,3,,,,-2,2,,,,5,2,,,,1,1,,,,4,3,,,,-1,2,,,,1,3,,,,-27,6,,,,-9,6,,,,110,15,,,,-5,30,,,,2,61,,,,-70,76,,,,-71,166,,,,-12,13,,,,-9,1,,,,-5,1,,,,2,1,,,,-38,1,,,,-5,3,,,,2,4,3,30,30,30
803819,5,23/08/2019,10:17:03,Soil,,5,No,,,PPM,,,,508,151,,,,712,34,,,,24894,84,,,,1872,17,,,,34,1,,,,3,0,,,,11,1,,,,83,1,,,,253,5,,,,-13,2,,,,-5,1,,,,-1,1,,,,0,1,,,,-1,0,,,,-2,0,,,,14,0,,,,20,3,,,,-1,2,,,,3,2,,,,-1,1,,,,-3,3,,,,-8,2,,,,-4,3,,,,-28,6,,,,-1,6,,,,93,15,,,,-38,31,,,,-49,61,,,,54,79,,,,-139,169,,,,6,14,,,,-11,1,,,,-4,1,,,,1,1,,,,-34,2,,,,-3,4,,,,-5,4,4,30,30,30
803819,6,23/08/2019,10:24:42,Soil,,6,No,,,PPM,,,,407,150,,,,1107,38,,,,25771,86,,,,2115,17,,,,28,1,,,,5,0,,,,11,1,,,,94,1,,,,144,4,,,,-16,2,,,,-7,1,,,,-3,1,,,,0,1,,,,-3,0,,,,-2,0,,,,12,0,,,,28,3,,,,-2,2,,,,-1,2,,,,3,1,,,,3,3,,,,-4,3,,,,0,3,,,,-24,6,,,,-8,6,,,,113,15,,,,-5,31,,,,70,63,,,,-113,80,,,,62,173,,,,15,15,,,,-10,1,,,,-5,1,,,,3,1,,,,-40,2,,,,-7,3,,,,2,4,5,30,30,30
803819,7,23/08/2019,10:27:44,Soil,,7,No,,,PPM,,,,433,155,,,,576,32,,,,16486,63,,,,3115,19,,,,46,1,,,,7,0,,,,18,1,,,,78,1,,,,182,5,,,,-19,2,,,,-4,1,,,,-3,1,,,,1,1,,,,-3,0,,,,-3,0,,,,9,0,,,,46,4,,,,-2,2,,,,1,2,,,,2,1,,,,-1,3,,,,2,2,,,,0,3,,,,-32,6,,,,-3,6,,,,115,16,,,,-36,31,,,,-34,63,,,,-140,81,,,,60,173,,,,15,15,,,,-9,1,,,,-4,1,,,,2,1,,,,-41,2,,,,3,4,,,,1,4,6,30,30,30
803819,8,23/08/2019,10:30:39,Soil,,8,No,,,PPM,,,,486,155,,,,530,31,,,,22226,76,,,,3024,19,,,,49,1,,,,5,0,,,,13,1,,,,68,1,,,,286,6,,,,-18,2,,,,-9,1,,,,-3,1,,,,1,1,,,,-3,0,,,,-2,0,,,,12,0,,,,34,3,,,,0,2,,,,4,2,,,,2,1,,,,4,3,,,,-1,2,,,,2,3,,,,-13,6,,,,-14,6,,,,107,15,,,,-48,30,,,,6,61,,,,-44,78,,,,-22,169,,,,16,15,,,,-10,1,,,,-5,1,,,,2,1,,,,-38,2,,,,1,4,,,,-8,4,7,30,30,30
803819,9,23/08/2019,10:33:16,Soil,,9,No,,,PPM,,,,750,197,,,,1090,44,,,,45862,147,,,,3281,25,,,,36,1,,,,5,0,,,,11,1,,,,64,1,,,,198,5,,,,-12,2,,,,-10,1,,,,-2,1,,,,0,1,,,,-1,0,,,,-2,0,,,,21,0,,,,40,4,,,,0,2,,,,1,2,,,,0,1,,,,5,3,,,,-3,3,,,,-10,3,,,,-16,6,,,,4,6,,,,129,16,,,,-24,33,,,,86,67,,,,-162,85,,,,343,184,,,,5,16,,,,-6,1,,,,-4,1,,,,2,1,,,,-37,2,,,,-1,4,,,,0,4,8,30,30,30
803819,10,23/08/2019,10:35:31,Soil,,10,No,,,PPM,,,,336,167,,,,530,32,,,,25433,85,,,,4251,23,,,,49,1,,,,7,0,,,,14,1,,,,126,1,,,,202,5,,,,-14,2,,,,-7,1,,,,-4,1,,,,3,1,,,,-2,0,,,,-3,0,,,,9,0,,,,53,4,,,,-3,2,,,,3,2,,,,1,1,,,,2,3,,,,-4,2,,,,-3,3,,,,-24,6,,,,0,6,,,,118,15,,,,-10,31,,,,102,61,,,,7,78,,,,-86,170,,,,-6,14,,,,-8,1,,,,-4,1,,,,2,1,,,,-39,2,,,,-6,4,,,,3,4,9,30,30,30
803819,11,23/08/2019,10:38:21,Soil,,11,No,,,PPM,,,,1050,177,,,,752,35,,,,28648,94,,,,3153,21,,,,62,2,,,,7,0,,,,14,1,,,,300,2,,,,292,6,,,,-10,2,,,,-7,1,,,,-4,1,,,,3,1,,,,-2,0,,,,-3,0,,,,18,0,,,,49,4,,,,-2,2,,,,2,2,,,,0,1,,,,1,3,,,,-4,2,,,,0,3,,,,-21,6,,,,2,6,,,,123,15,,,,-19,31,,,,35,62,,,,32,80,,,,218,171,,,,-4,15,,,,-11,1,,,,-3,1,,,,2,1,,,,-40,2,,,,-3,4,,,,-1,4,10,30,30,30
803819,12,23/08/2019,10:40:47,Soil,,12,No,,,PPM,,,,393,146,,,,488,30,,,,22375,78,,,,1875,16,,,,33,1,,,,6,0,,,,12,1,,,,52,1,,,,74,4,,,,-14,2,,,,-7,1,,,,-3,1,,,,-1,1,,,,-2,0,,,,-3,0,,,,16,0,,,,25,3,,,,0,2,,,,1,2,,,,1,1,,,,-4,3,,,,3,2,,,,5,3,,,,-28,6,,,,-10,6,,,,113,15,,,,7,30,,,,120,61,,,,-67,78,,,,108,168,,,,-9,14,,,,-7,1,,,,-5,1,,,,1,1,,,,-38,2,,,,1,4,,,,4,4,11,30,30,30
803819,13,23/08/2019,10:43:55,Soil,,13,No,,,PPM,,,,590,165,,,,1100,39,,,,21255,76,,,,3475,21,,,,51,1,,,,8,0,,,,13,1,,,,119,1,,,,196,5,,,,-12,2,,,,-7,1,,,,0,1,,,,2,1,,,,-2,0,,,,-2,0,,,,19,0,,,,59,4,,,,0,2,,,,3,2,,,,1,1,,,,4,3,,,,-1,3,,,,3,3,,,,-32,6,,,,-9,6,,,,117,15,,,,-28,32,,,,23,63,,,,-97,81,,,,-184,173,,,,7,15,,,,-7,1,,,,-5,1,,,,2,1,,,,-38,2,,,,3,4,,,,-3,4,12,30,30,30
803819,14,23/08/2019,10:46:18,Soil,,14,No,,,PPM,,,,846,167,,,,945,38,,,,31536,103,,,,1970,18,,,,26,1,,,,3,0,,,,11,1,,,,112,1,,,,177,5,,,,-15,2,,,,-5,1,,,,-2,1,,,,0,1,,,,-2,0,,,,-2,0,,,,13,0,,,,38,3,,,,-3,2,,,,4,2,,,,2,1,,,,3,3,,,,-3,3,,,,2,3,,,,-34,6,,,,-13,6,,,,135,15,,,,-13,31,,,,55,62,,,,-22,79,,,,-62,171,,,,27,16,,,,-9,1,,,,-4,1,,,,1,1,,,,-35,2,,,,-6,4,,,,-3,4,13,30,30,30
803819,15,23/08/2019,10:48:36,Soil,,15,No,,,PPM,,,,983,182,,,,1375,43,,,,29740,99,,,,3403,22,,,,53,2,,,,6,0,,,,14,1,,,,245,2,,,,349,7,,,,-16,2,,,,-7,1,,,,-4,1,,,,2,1,,,,-2,0,,,,-3,0,,,,23,0,,,,54,4,,,,2,2,,,,1,2,,,,0,1,,,,0,3,,,,0,3,,,,0,3,,,,-29,6,,,,-6,6,,,,108,16,,,,-75,32,,,,-21,64,,,,-222,82,,,,-11,176,,,,5,15,,,,-7,1,,,,-4,1,,,,2,1,,,,-40,2,,,,-3,4,,,,-3,4,14,30,30,30
803819,16,23/08/2019,10:50:52,Soil,,16,No,,,PPM,,,,83,149,,,,1232,40,,,,24602,83,,,,2863,19,,,,21,1,,,,3,0,,,,12,1,,,,56,1,,,,133,4,,,,-10,2,,,,-7,1,,,,-3,1,,,,1,1,,,,-2,0,,,,-3,0,,,,12,0,,,,33,3,,,,1,2,,,,2,2,,,,2,1,,,,-3,3,,,,4,2,,,,1,3,,,,-27,6,,,,-14,6,,,,99,15,,,,-27,30,,,,40,60,,,,-41,77,,,,-155,166,,,,-6,13,,,,-7,1,,,,-4,1,,,,1,1,,,,-37,2,,,,1,4,,,,-4,4,15,30,30,30
803819,17,23/08/2019,10:53:47,Soil,,17,No,,,PPM,,,,723,173,,,,771,36,,,,24495,85,,,,3553,22,,,,26,1,,,,3,0,,,,11,1,,,,53,1,,,,140,5,,,,-16,2,,,,-9,1,,,,2,1,,,,1,1,,,,-2,0,,,,-2,0,,,,11,0,,,,32,3,,,,1,2,,,,1,2,,,,1,1,,,,2,3,,,,-5,3,,,,-2,3,,,,-30,6,,,,-7,6,,,,119,15,,,,40,31,,,,16,63,,,,-143,80,,,,-257,170,,,,15,15,,,,-8,1,,,,-4,1,,,,2,1,,,,-40,2,,,,-8,4,,,,3,4,16,30,30,30
803819,18,23/08/2019,10:56:39,Soil,,18,No,,,PPM,,,,740,182,,,,683,35,,,,31527,103,,,,3998,24,,,,62,2,,,,9,0,,,,17,1,,,,249,2,,,,203,5,,,,-15,2,,,,-7,1,,,,-4,1,,,,1,1,,,,-2,0,,,,-3,0,,,,14,0,,,,46,4,,,,2,2,,,,-1,2,,,,-1,1,,,,0,3,,,,0,3,,,,-1,3,,,,-12,6,,,,-2,6,,,,127,16,,,,-15,32,,,,77,65,,,,-133,82,,,,31,177,,,,22,16,,,,-9,1,,,,-5,1,,,,2,1,,,,-39,2,,,,-2,4,,,,4,4,17,30,30,30
803819,19,23/08/2019,10:59:17,Soil,,19,No,,,PPM,,,,571,157,,,,828,35,,,,24753,83,,,,2588,19,,,,29,1,,,,3,0,,,,13,1,,,,81,1,,,,214,5,,,,-16,2,,,,-7,1,,,,-2,1,,,,0,1,,,,-2,0,,,,-2,0,,,,10,0,,,,26,3,,,,0,2,,,,1,2,,,,1,1,,,,2,3,,,,-3,2,,,,1,3,,,,-25,6,,,,-6,6,,,,92,14,,,,-85,30,,,,-3,60,,,,-71,76,,,,-162,164,,,,8,14,,,,-8,1,,,,-4,1,,,,1,1,,,,-38,2,,,,-5,3,,,,-4,3,18,30,30,30
803819,20,23/08/2019,11:02:44,Soil,,20,No,,,PPM,,,,226,157,,,,803,35,,,,24562,84,,,,3068,20,,,,60,2,,,,9,0,,,,15,1,,,,180,2,,,,251,6,,,,-16,2,,,,-6,1,,,,-1,1,,,,3,1,,,,-2,0,,,,-3,0,,,,11,0,,,,49,4,,,,-2,2,,,,0,2,,,,0,1,,,,3,3,,,,2,3,,,,-7,3,,,,-25,6,,,,4,6,,,,149,15,,,,-29,31,,,,10,63,,,,-22,80,,,,-63,173,,,,15,15,,,,-9,1,,,,-3,1,,,,2,1,,,,-41,2,,,,2,4,,,,1,4,19,30,30,30
803819,21,23/08/2019,11:09:21,Soil,,21,No,,,PPM,,,,817,187,,,,1405,44,,,,33378,108,,,,4118,24,,,,45,1,,,,6,0,,,,18,1,,,,213,2,,,,279,6,,,,-15,2,,,,-5,1,,,,-3,1,,,,6,1,,,,-2,0,,,,-3,0,,,,25,0,,,,50,4,,,,2,2,,,,3,2,,,,1,1,,,,-1,3,,,,0,3,,,,-4,3,,,,-27,6,,,,-7,6,,,,93,16,,,,-15,32,,,,47,64,,,,-142,81,,,,-218,174,,,,6,15,,,,-10,1,,,,-3,1,,,,2,1,,,,-40,2,,,,-3,4,,,,-1,4,20,30,30,30
803819,22,23/08/2019,11:12:11,Soil,,22,No,,,PPM,,,,274,156,,,,696,33,,,,24767,83,,,,3206,20,,,,33,1,,,,4,0,,,,12,1,,,,54,1,,,,179,5,,,,-14,2,,,,-6,1,,,,-3,1,,,,0,1,,,,-2,0,,,,-3,0,,,,14,0,,,,37,3,,,,1,2,,,,1,2,,,,1,1,,,,2,3,,,,-1,3,,,,-4,3,,,,-28,6,,,,-8,6,,,,109,15,,,,11,31,,,,70,62,,,,-50,78,,,,145,169,,,,-11,14,,,,-9,1,,,,-4,1,,,,3,1,,,,-37,2,,,,-2,4,,,,-6,4,21,30,30,30
803819,23,23/08/2019,11:14:41,Soil,,23,No,,,PPM,,,,205,175,,,,1106,42,,,,38552,124,,,,3306,23,,,,30,1,,,,5,0,,,,9,1,,,,72,1,,,,121,4,,,,-13,2,,,,-7,1,,,,-1,1,,,,0,1,,,,-2,0,,,,-3,0,,,,28,0,,,,32,3,,,,1,2,,,,6,2,,,,0,1,,,,3,3,,,,-2,3,,,,2,3,,,,-23,6,,,,-2,6,,,,122,15,,,,-37,32,,,,-59,63,,,,-83,81,,,,-173,172,,,,-15,14,,,,-7,1,,,,-4,1,,,,2,1,,,,-38,2,,,,-3,4,,,,-3,4,22,30,30,30
803819,24,23/08/2019,11:17:42,Soil,,24,No,,,PPM,,,,816,184,,,,1323,43,,,,37488,119,,,,3543,23,,,,53,2,,,,4,0,,,,13,1,,,,150,2,,,,340,6,,,,-12,2,,,,-5,1,,,,-2,1,,,,0,1,,,,-2,0,,,,-3,0,,,,20,0,,,,50,4,,,,2,2,,,,0,2,,,,0,1,,,,1,3,,,,1,3,,,,0,3,,,,-23,6,,,,-3,6,,,,119,15,,,,-3,31,,,,11,62,,,,-99,79,,,,292,170,,,,-4,14,,,,-11,1,,,,-3,1,,,,2,1,,,,-38,2,,,,2,4,,,,4,4,23,30,30,30
803819,25,23/08/2019,11:20:22,Soil,,25,No,,,PPM,,,,516,164,,,,531,32,,,,26941,89,,,,3304,21,,,,50,1,,,,8,0,,,,13,1,,,,165,2,,,,146,5,,,,-15,2,,,,-8,1,,,,-4,1,,,,1,1,,,,-3,0,,,,-2,0,,,,13,0,,,,45,3,,,,0,2,,,,0,2,,,,2,1,,,,5,3,,,,-1,2,,,,0,3,,,,-34,6,,,,-8,6,,,,114,15,,,,25,31,,,,-27,61,,,,-51,78,,,,203,170,,,,-4,14,,,,-9,1,,,,-3,1,,,,3,1,,,,-40,2,,,,3,4,,,,-2,4,24,30,30,30
803819,26,23/08/2019,11:22:52,Soil,,26,No,,,PPM,,,,300,172,,,,722,36,,,,28841,98,,,,3713,23,,,,31,1,,,,5,0,,,,14,1,,,,56,1,,,,113,4,,,,-13,2,,,,-9,1,,,,1,1,,,,-1,1,,,,-2,0,,,,-3,0,,,,11,0,,,,38,4,,,,-1,2,,,,3,2,,,,-1,1,,,,5,4,,,,-3,3,,,,3,3,,,,-33,6,,,,2,7,,,,156,17,,,,-26,34,,,,-33,68,,,,-114,87,,,,-435,187,,,,30,18,,,,-5,1,,,,-5,1,,,,2,1,,,,-40,2,,,,-2,4,,,,0,5,25,30,30,30
803819,27,23/08/2019,11:25:52,Soil,,27,No,,,PPM,,,,306,145,,,,959,36,,,,18346,67,,,,2471,17,,,,23,1,,,,3,0,,,,12,1,,,,53,1,,,,134,4,,,,-12,2,,,,-8,1,,,,-2,1,,,,-1,1,,,,-2,0,,,,-2,0,,,,13,0,,,,37,3,,,,1,2,,,,1,2,,,,4,1,,,,-2,3,,,,0,3,,,,2,3,,,,-17,6,,,,5,6,,,,133,15,,,,13,31,,,,35,62,,,,-78,78,,,,292,170,,,,13,15,,,,-9,1,,,,-4,1,,,,1,1,,,,-37,2,,,,2,4,,,,0,4,26,30,30,30
803819,28,23/08/2019,11:28:50,Soil,,28,No,,,PPM,,,,242,146,,,,449,30,,,,22433,78,,,,2383,18,,,,50,1,,,,8,0,,,,16,1,,,,71,1,,,,171,5,,,,-15,2,,,,-7,1,,,,-4,1,,,,-2,1,,,,-2,0,,,,-3,0,,,,13,0,,,,29,3,,,,0,2,,,,3,2,,,,0,1,,,,-3,3,,,,-1,3,,,,-3,3,,,,-35,6,,,,-15,6,,,,117,15,,,,-9,31,,,,50,62,,,,-85,79,,,,-1,170,,,,7,15,,,,-10,1,,,,-5,1,,,,2,1,,,,-43,2,,,,-3,4,,,,-3,4,27,30,30,30
803819,29,23/08/2019,11:31:54,Soil,,29,No,,,PPM,,,,430,165,,,,928,37,,,,33091,105,,,,2939,21,,,,48,1,,,,6,0,,,,10,1,,,,47,1,,,,207,5,,,,-15,2,,,,-8,1,,,,-2,1,,,,1,1,,,,-1,0,,,,-3,0,,,,13,0,,,,45,4,,,,1,2,,,,4,2,,,,0,1,,,,-2,3,,,,-5,3,,,,-5,3,,,,-21,6,,,,2,6,,,,129,15,,,,-84,31,,,,68,63,,,,-98,80,,,,-8,171,,,,-1,14,,,,-10,1,,,,-4,1,,,,0,1,,,,-38,2,,,,-1,4,,,,3,4,28,30,30,30
803819,30,23/08/2019,11:35:13,Soil,,30,No,,,PPM,,,,120,155,,,,1531,45,,,,29979,100,,,,2215,19,,,,32,1,,,,4,0,,,,12,1,,,,74,1,,,,187,5,,,,-14,2,,,,-6,1,,,,0,1,,,,2,1,,,,-2,0,,,,-2,0,,,,12,0,,,,38,3,,,,0,2,,,,-1,2,,,,1,1,,,,2,3,,,,-6,3,,,,2,3,,,,-27,6,,,,-10,6,,,,100,16,,,,10,32,,,,-39,65,,,,-306,83,,,,253,178,,,,11,16,,,,-10,1,,,,-4,1,,,,3,1,,,,-39,2,,,,7,4,,,,5,5,29,30,30,30
803819,31,23/08/2019,11:37:49,Soil,,31,No,,,PPM,,,,541,170,,,,900,37,,,,27554,92,,,,3623,22,,,,50,1,,,,6,0,,,,12,1,,,,65,1,,,,234,5,,,,-13,2,,,,-7,1,,,,-1,1,,,,-1,1,,,,-2,0,,,,-3,0,,,,11,0,,,,34,3,,,,3,2,,,,2,2,,,,-1,1,,,,-1,3,,,,-2,2,,,,1,3,,,,-34,6,,,,0,6,,,,107,15,,,,0,30,,,,-42,61,,,,-161,78,,,,-206,167,,,,-13,13,,,,-8,1,,,,-5,1,,,,2,1,,,,-36,2,,,,-2,4,,,,6,4,30,30,30,30
803819,32,23/08/2019,11:40:47,Soil,,32,No,,,PPM,,,,253,148,,,,514,31,,,,22791,78,,,,2511,18,,,,30,1,,,,5,0,,,,13,1,,,,75,1,,,,122,4,,,,-13,2,,,,-7,1,,,,-1,1,,,,-2,1,,,,-2,0,,,,-2,0,,,,14,0,,,,32,3,,,,0,2,,,,-2,2,,,,0,1,,,,-4,3,,,,1,3,,,,-1,3,,,,-14,6,,,,4,6,,,,110,15,,,,46,31,,,,45,62,,,,-62,80,,,,17,170,,,,-6,14,,,,-8,1,,,,-4,1,,,,2,1,,,,-41,2,,,,7,4,,,,1,4,31,30,30,30
803819,33,23/08/2019,11:43:16,Soil,,33,No,,,PPM,,,,603,179,,,,1174,40,,,,29701,97,,,,4544,25,,,,47,1,,,,6,0,,,,12,1,,,,60,1,,,,250,5,,,,-12,2,,,,-8,1,,,,-3,1,,,,0,1,,,,-3,0,,,,-3,0,,,,14,0,,,,69,4,,,,-4,2,,,,2,2,,,,0,1,,,,4,3,,,,0,2,,,,-2,3,,,,-22,6,,,,-9,6,,,,86,15,,,,-30,31,,,,25,63,,,,-206,80,,,,-65,173,,,,25,16,,,,-9,1,,,,-5,1,,,,3,1,,,,-37,2,,,,-3,4,,,,2,4,32,30,30,30
803819,34,23/08/2019,11:45:26,Soil,,34,No,,,PPM,,,,1229,467,,,,1197,75,,,,26178,124,,,,23665,101,,,,3004,17,,,,85,2,,,,59,2,,,,668,5,,,,27534,104,,,,-53,17,,,,33,2,,,,129,3,,,,404,4,,,,126,5,,,,2,1,,,,121,1,,,,226,5,,,,30,3,,,,254,5,,,,17,1,,,,1,2,,,,5,2,,,,53,2,,,,12,4,,,,30,4,,,,528,13,,,,19,24,,,,137,49,,,,-296,64,,,,-290,141,,,,8,11,,,,16,3,,,,9,2,,,,1383,7,,,,1,2,,,,10,3,,,,5,3,33,30,30,30
803819,35,23/08/2019,11:47:55,Soil,,35,No,,,PPM,,,,441,182,,,,1350,44,,,,29919,101,,,,4459,25,,,,58,2,,,,9,0,,,,14,1,,,,163,2,,,,249,6,,,,-14,2,,,,-6,1,,,,-5,1,,,,2,1,,,,-2,0,,,,-3,0,,,,20,0,,,,55,4,,,,0,2,,,,2,2,,,,5,1,,,,5,3,,,,-3,3,,,,-5,3,,,,-30,6,,,,-3,6,,,,126,16,,,,-14,31,,,,55,63,,,,40,81,,,,1,174,,,,-1,15,,,,-8,1,,,,-5,1,,,,3,1,,,,-43,2,,,,-8,4,,,,-3,4,34,30,30,30
803819,36,23/08/2019,11:50:13,Soil,,36,No,,,PPM,,,,305,153,,,,748,34,,,,25834,85,,,,2790,19,,,,49,1,,,,5,0,,,,10,1,,,,74,1,,,,286,6,,,,-15,2,,,,-7,1,,,,0,1,,,,1,1,,,,-1,0,,,,-3,0,,,,12,0,,,,26,3,,,,-1,2,,,,1,2,,,,0,1,,,,-2,3,,,,-5,2,,,,-1,3,,,,-21,6,,,,-5,6,,,,126,15,,,,-26,31,,,,-44,62,,,,-129,79,,,,-62,169,,,,-4,14,,,,-6,1,,,,-5,1,,,,1,1,,,,-40,2,,,,-1,4,,,,-6,4,35,30,30,30
803819,37,23/08/2019,11:52:42,Soil,,37,No,,,PPM,,,,288,171,,,,1319,41,,,,22431,76,,,,5470,26,,,,46,1,,,,6,0,,,,7,1,,,,42,1,,,,165,5,,,,-13,2,,,,-6,1,,,,0,1,,,,0,1,,,,-2,0,,,,-2,0,,,,32,0,,,,80,4,,,,-1,2,,,,1,2,,,,2,1,,,,7,3,,,,-3,2,,,,0,3,,,,-32,6,,,,-5,6,,,,113,15,,,,24,31,,,,1,61,,,,15,78,,,,473,168,,,,14,15,,,,-9,1,,,,-5,1,,,,2,1,,,,-38,2,,,,0,4,,,,-7,4,36,30,30,30
803819,38,23/08/2019,11:55:07,Soil,,38,No,,,PPM,,,,663,173,,,,836,37,,,,25357,88,,,,3614,22,,,,21,1,,,,3,0,,,,17,1,,,,78,1,,,,138,5,,,,-13,2,,,,-7,1,,,,1,1,,,,2,1,,,,-2,0,,,,-2,0,,,,21,0,,,,56,4,,,,-1,2,,,,2,2,,,,2,1,,,,-3,3,,,,0,2,,,,1,3,,,,-24,6,,,,-5,6,,,,100,15,,,,-47,31,,,,58,63,,,,27,79,,,,388,171,,,,10,15,,,,-10,1,,,,-3,1,,,,2,1,,,,-37,2,,,,-2,4,,,,0,4,37,30,30,30
803819,39,23/08/2019,11:57:41,Soil,,39,No,,,PPM,,,,876,173,,,,835,35,,,,23653,81,,,,3875,22,,,,40,1,,,,5,0,,,,11,1,,,,72,1,,,,158,5,,,,-15,2,,,,-7,1,,,,-3,1,,,,11,1,,,,-2,0,,,,-2,0,,,,13,0,,,,41,3,,,,-1,2,,,,1,2,,,,0,1,,,,4,3,,,,-4,3,,,,-8,3,,,,-23,6,,,,-10,6,,,,79,15,,,,-15,31,,,,1,63,,,,-229,79,,,,-140,172,,,,-1,14,,,,-7,1,,,,-4,1,,,,2,1,,,,-37,2,,,,2,4,,,,1,4,38,30,30,30
803819,40,23/08/2019,11:59:57,Soil,,40,No,,,PPM,,,,591,162,,,,905,37,,,,28490,94,,,,2584,19,,,,30,1,,,,4,0,,,,9,1,,,,80,1,,,,124,4,,,,-13,2,,,,-8,1,,,,-5,1,,,,1,1,,,,-1,0,,,,-3,0,,,,15,0,,,,48,3,,,,-3,2,,,,0,2,,,,0,1,,,,-2,3,,,,-2,2,,,,-2,3,,,,-19,6,,,,-1,6,,,,122,14,,,,37,30,,,,49,60,,,,14,76,,,,104,164,,,,-13,13,,,,-11,1,,,,-2,1,,,,1,1,,,,-40,2,,,,-3,4,,,,5,4,39,30,30,30
803819,41,23/08/2019,12:02:38,Soil,,41,No,,,PPM,,,,202,141,,,,528,29,,,,18946,66,,,,2862,18,,,,46,1,,,,6,0,,,,9,1,,,,53,1,,,,151,4,,,,-14,2,,,,-9,1,,,,-5,1,,,,-1,1,,,,-2,0,,,,-3,0,,,,11,0,,,,39,3,,,,1,2,,,,3,2,,,,1,1,,,,3,3,,,,-3,2,,,,-8,3,,,,-22,6,,,,-9,6,,,,122,14,,,,-32,29,,,,-28,59,,,,-124,75,,,,115,163,,,,2,13,,,,-9,1,,,,-5,1,,,,2,1,,,,-37,1,,,,-1,4,,,,4,4,40,30,30,30
803819,42,23/08/2019,12:05:11,Soil,,42,No,,,PPM,,,,571,177,,,,1035,41,,,,37264,122,,,,2471,21,,,,36,1,,,,5,0,,,,13,1,,,,74,1,,,,160,5,,,,-14,2,,,,-7,1,,,,-3,1,,,,1,1,,,,-2,0,,,,-2,0,,,,25,0,,,,33,3,,,,-3,2,,,,0,2,,,,0,1,,,,3,3,,,,2,3,,,,-5,3,,,,-21,6,,,,-4,6,,,,114,16,,,,-39,32,,,,-2,63,,,,-181,80,,,,-93,173,,,,13,16,,,,-10,1,,,,-3,1,,,,2,1,,,,-40,2,,,,0,4,,,,-1,4,41,30,30,30
803819,43,23/08/2019,12:07:33,Soil,,43,No,,,PPM,,,,711,189,,,,777,36,,,,17428,66,,,,6152,28,,,,99,2,,,,14,0,,,,21,1,,,,366,2,,,,437,7,,,,-16,2,,,,-3,1,,,,-4,1,,,,2,1,,,,-2,0,,,,-3,0,,,,18,0,,,,66,4,,,,0,2,,,,1,2,,,,2,1,,,,-1,3,,,,-6,3,,,,-2,3,,,,-35,6,,,,-8,6,,,,137,16,,,,-35,33,,,,-109,66,,,,-101,85,,,,-103,181,,,,25,17,,,,-9,1,,,,-4,1,,,,3,1,,,,-43,2,,,,0,4,,,,4,4,42,30,30,30
803819,44,23/08/2019,12:10:18,Soil,,44,No,,,PPM,,,,368,166,,,,1247,41,,,,29070,95,,,,3652,22,,,,51,1,,,,6,0,,,,11,1,,,,43,1,,,,232,5,,,,-11,2,,,,-9,1,,,,-1,1,,,,-1,1,,,,-1,0,,,,-2,0,,,,22,0,,,,62,4,,,,1,2,,,,-3,2,,,,0,1,,,,2,3,,,,-1,2,,,,4,3,,,,-32,6,,,,-16,6,,,,124,15,,,,29,30,,,,82,60,,,,44,76,,,,70,163,,,,4,14,,,,-10,1,,,,-4,1,,,,1,1,,,,-39,2,,,,0,4,,,,4,4,43,30,30,30
803819,45,23/08/2019,12:12:53,Soil,,45,No,,,PPM,,,,71,150,,,,627,32,,,,20443,72,,,,3569,21,,,,38,1,,,,3,0,,,,12,1,,,,107,1,,,,412,6,,,,-14,2,,,,-7,1,,,,-3,1,,,,2,1,,,,-2,0,,,,-3,0,,,,9,0,,,,55,4,,,,-1,2,,,,6,2,,,,-2,1,,,,3,3,,,,-1,2,,,,-5,3,,,,-26,6,,,,-9,6,,,,94,15,,,,32,30,,,,70,61,,,,-48,77,,,,-26,165,,,,4,14,,,,-9,1,,,,-3,1,,,,2,1,,,,-36,1,,,,-3,4,,,,0,4,44,30,30,30
803819,46,23/08/2019,12:15:24,Soil,,46,No,,,PPM,,,,256,158,,,,1325,40,,,,26277,85,,,,3843,22,,,,58,1,,,,7,0,,,,10,1,,,,199,2,,,,168,5,,,,-12,2,,,,-8,1,,,,-5,1,,,,4,1,,,,-2,0,,,,-3,0,,,,13,0,,,,55,4,,,,-1,2,,,,0,2,,,,2,1,,,,5,3,,,,-3,2,,,,2,3,,,,-27,6,,,,-12,6,,,,80,15,,,,-3,30,,,,106,60,,,,30,77,,,,41,166,,,,2,14,,,,-11,1,,,,-3,1,,,,2,1,,,,-39,1,,,,-2,4,,,,3,4,45,30,30,30
803819,47,23/08/2019,12:17:36,Soil,,47,No,,,PPM,,,,936,176,,,,885,36,,,,21358,75,,,,4143,22,,,,61,2,,,,7,0,,,,14,1,,,,57,1,,,,270,6,,,,-14,2,,,,-8,1,,,,-1,1,,,,0,1,,,,-3,0,,,,-2,0,,,,13,0,,,,43,3,,,,2,2,,,,3,2,,,,0,1,,,,0,3,,,,-3,3,,,,1,3,,,,-17,6,,,,-1,6,,,,121,15,,,,-73,31,,,,-50,63,,,,-189,79,,,,64,174,,,,26,16,,,,-8,1,,,,-4,1,,,,2,1,,,,-42,2,,,,0,4,,,,-2,4,46,30,30,30
803819,48,23/08/2019,12:20:13,Soil,,48,No,,,PPM,,,,451,165,,,,900,37,,,,31041,100,,,,3244,21,,,,42,1,,,,5,0,,,,12,1,,,,118,1,,,,198,5,,,,-15,2,,,,-8,1,,,,-3,1,,,,1,1,,,,-2,0,,,,-3,0,,,,15,0,,,,50,4,,,,0,2,,,,0,2,,,,0,1,,,,-4,3,,,,-1,2,,,,-4,3,,,,-24,6,,,,-4,6,,,,79,15,,,,-51,31,,,,-51,62,,,,39,78,,,,-56,169,,,,-4,14,,,,-9,1,,,,-4,1,,,,2,1,,,,-40,2,,,,4,4,,,,1,4,47,30,30,30
803819,49,23/08/2019,12:22:32,Soil,,49,No,,,PPM,,,,677,169,,,,1035,39,,,,21630,78,,,,3387,21,,,,42,1,,,,6,0,,,,22,1,,,,205,2,,,,216,6,,,,-17,2,,,,-7,1,,,,-4,1,,,,-1,1,,,,-2,0,,,,-3,0,,,,16,0,,,,39,4,,,,2,2,,,,2,2,,,,1,1,,,,1,3,,,,-5,3,,,,0,3,,,,-28,6,,,,-1,6,,,,124,16,,,,1,32,,,,-102,65,,,,-30,82,,,,364,178,,,,1,16,,,,-10,1,,,,-4,1,,,,3,1,,,,-43,2,,,,-1,4,,,,1,4,48,30,30,30
803819,50,23/08/2019,12:24:54,Soil,,50,No,,,PPM,,,,1007,175,,,,1247,41,,,,31268,100,,,,2987,21,,,,48,1,,,,7,0,,,,13,1,,,,205,2,,,,182,5,,,,-12,2,,,,-8,1,,,,-3,1,,,,11,1,,,,-2,0,,,,-2,0,,,,20,0,,,,62,4,,,,-2,2,,,,1,2,,,,-1,1,,,,0,3,,,,-3,2,,,,-1,3,,,,-26,6,,,,7,6,,,,109,15,,,,-10,30,,,,-11,61,,,,-106,78,,,,3,165,,,,25,15,,,,-11,1,,,,-3,1,,,,2,1,,,,-37,2,,,,4,4,,,,1,4,49,30,30,30
803819,51,23/08/2019,12:27:36,Soil,,51,No,,,PPM,,,,526,172,,,,539,33,,,,22330,80,,,,3750,22,,,,65,2,,,,7,0,,,,21,1,,,,268,2,,,,332,7,,,,-15,2,,,,-4,1,,,,-3,1,,,,-1,1,,,,-3,0,,,,-3,0,,,,14,0,,,,52,4,,,,-1,2,,,,5,2,,,,0,1,,,,1,3,,,,-7,3,,,,-7,3,,,,-24,6,,,,0,6,,,,152,16,,,,26,33,,,,-11,67,,,,-101,86,,,,-77,183,,,,12,16,,,,-10,1,,,,-3,1,,,,3,1,,,,-40,2,,,,-2,4,,,,0,5,50,30,30,30
803819,52,23/08/2019,12:29:48,Soil,,52,No,,,PPM,,,,900,168,,,,656,32,,,,17968,66,,,,3636,21,,,,37,1,,,,5,0,,,,16,1,,,,100,1,,,,173,5,,,,-11,2,,,,-8,1,,,,-1,1,,,,1,1,,,,-2,0,,,,-3,0,,,,9,0,,,,44,4,,,,-1,2,,,,2,2,,,,1,1,,,,3,3,,,,3,3,,,,-1,3,,,,-25,6,,,,-6,6,,,,102,15,,,,-49,31,,,,43,63,,,,-194,80,,,,-59,172,,,,30,16,,,,-11,1,,,,-4,1,,,,2,1,,,,-42,2,,,,4,4,,,,-3,4,51,30,30,30
803819,53,23/08/2019,12:32:09,Soil,,53,No,,,PPM,,,,588,150,,,,824,33,,,,17056,61,,,,3184,18,,,,42,1,,,,6,0,,,,10,1,,,,143,1,,,,215,5,,,,-15,2,,,,-9,1,,,,-3,1,,,,-2,1,,,,-2,0,,,,-3,0,,,,20,0,,,,60,4,,,,1,2,,,,2,2,,,,0,1,,,,0,3,,,,-3,2,,,,-2,3,,,,-21,6,,,,-2,6,,,,119,14,,,,16,29,,,,104,59,,,,-147,75,,,,-161,162,,,,16,14,,,,-9,1,,,,-4,1,,,,2,1,,,,-38,1,,,,-3,3,,,,-1,4,52,30,30,30
803819,54,23/08/2019,12:34:12,Soil,,54,No,,,PPM,,,,653,169,,,,512,31,,,,23910,80,,,,4141,22,,,,67,2,,,,10,0,,,,12,1,,,,123,1,,,,233,5,,,,-12,2,,,,-7,1,,,,-3,1,,,,1,1,,,,-2,0,,,,-3,0,,,,9,0,,,,42,3,,,,1,2,,,,1,2,,,,-1,1,,,,1,3,,,,0,2,,,,0,3,,,,-20,6,,,,-4,6,,,,124,15,,,,16,31,,,,4,61,,,,-191,78,,,,-37,169,,,,39,16,,,,-8,1,,,,-4,1,,,,1,1,,,,-35,2,,,,-4,4,,,,7,4,53,30,30,30
803819,55,23/08/2019,12:36:10,Soil,,55,No,,,PPM,,,,1211,459,,,,1286,74,,,,27122,124,,,,24426,101,,,,2931,16,,,,87,2,,,,58,2,,,,673,4,,,,27710,100,,,,9,17,,,,27,2,,,,133,3,,,,415,4,,,,117,5,,,,2,1,,,,121,1,,,,233,5,,,,31,3,,,,268,5,,,,14,1,,,,4,2,,,,7,1,,,,50,2,,,,9,4,,,,26,4,,,,521,13,,,,35,22,,,,163,46,,,,-433,61,,,,-382,134,,,,27,11,,,,7,3,,,,13,2,,,,1400,7,,,,2,2,,,,15,3,,,,-1,3,54,30,30,30
